<?xml version="1.0" encoding="UTF-8"?>
<project xmlns="http://www.netbeans.org/ns/project/1">
    <type>com.microchip.mplab.nbide.embedded.makeproject</type>
    <configuration>
        <data xmlns="http://www.netbeans.org/ns/make-project/1">
            <name>mrf89xam8a-irm-tranceiver</name>
            <creation-uuid>39d3c223-70d2-4caf-b98e-27bd1f1ea2f3</creation-uuid>
            <make-project-type>0</make-project-type>
            <c-extensions>c</c-extensions>
            <cpp-extensions/>
            <header-extensions>h</header-extensions>
            <asminc-extensions/>
            <sourceEncoding>ISO-8859-1</sourceEncoding>
            <make-dep-projects/>
            <sourceRootList>
                <sourceRootElem>lib_esp01</sourceRootElem>
                <sourceRootElem>lib_eeprom</sourceRootElem>
                <sourceRootElem>lib_i2c</sourceRootElem>
                <sourceRootElem>lib_rtc</sourceRootElem>
                <sourceRootElem>lib_spi</sourceRootElem>
                <sourceRootElem>lib_subghz</sourceRootElem>
            </sourceRootList>
            <confList>
                <confElem>
                    <name>default</name>
                    <type>2</type>
                </confElem>
            </confList>
            <formatting>
                <project-formatting-style>false</project-formatting-style>
            </formatting>
        </data>
    </configuration>
</project>
